config_label,use_protocol,use_literature,use_episodic,n_samples,quality_score,quality_score_ci95,task_alignment,executability,scientific_rigor,context_use,specificity,overall_quality,episodic_examples_used
P0-L0-E0,0,0,0,150,0.49222222222222217,0.007357023839682533,0.44,0.5093333333333334,0.584,0.37600000000000006,0.404,0.44,0.0
P0-L0-E1,0,0,1,150,0.5584444444444444,0.009791237984192147,0.5533333333333333,0.5519999999999999,0.612,0.44133333333333336,0.468,0.5253333333333333,2.0
P0-L1-E0,0,1,0,150,0.5466666666666666,0.010238272817846448,0.54,0.492,0.6,0.5466666666666666,0.4373333333333334,0.47600000000000003,0.0
P0-L1-E1,0,1,1,150,0.622,0.00948701600995449,0.5973333333333333,0.5666666666666667,0.6293333333333333,0.652,0.5213333333333333,0.5813333333333334,2.0
P1-L0-E0,1,0,0,150,0.53,0.007924410423176648,0.5266666666666666,0.5253333333333333,0.5933333333333334,0.4346666666666667,0.4146666666666667,0.48800000000000004,0.0
P1-L0-E1,1,0,1,150,0.6111111111111112,0.010079036475342041,0.604,0.58,0.6026666666666666,0.5986666666666668,0.508,0.576,2.0
P1-L1-E0,1,1,0,150,0.6015555555555555,0.010635119871867464,0.5986666666666667,0.5439999999999999,0.62,0.6213333333333334,0.4826666666666667,0.5506666666666666,0.0
P1-L1-E1,1,1,1,150,0.6513333333333333,0.006927981997635265,0.604,0.5973333333333333,0.6213333333333334,0.7253333333333334,0.5626666666666666,0.5973333333333333,2.0
